group,name
1,Pas encore inscrit à l'école
1,ECOLE MATERNELLE SOURDIÈRE
1,ECOLE POLYVALENTE CAMBON
1,ECOLE MATERNELLE SAINT-GERMAIN L'AUXERROIS
1,ECOLE ÉLÉMENTAIRE D'ARGENTEUIL
1,ECOLE ÉLÉMENTAIRE DE L'ARBRE SEC
1,ECOLE POLYVALENTE CAMBON
1,Cours Privé du Bouloi
1,École Privée Notre Dame Saint Roch
2,Pas encore inscrit à l'école
2,ECOLE MATERNELLE DUSSOUBS
2,ECOLE MATERNELLE VIVIENNE
2,ECOLE MATERNELLE SAINT-DENIS
2,ECOLE ÉLÉMENTAIRE DUSSOUBS
2,ECOLE POLYVALENTE ETIENNE MARCEL
2,ECOLE ÉLÉMENTAIRE DE LA JUSSIENNE
2,ECOLE POLYVALENTE BEAUREGARD
2,ECOLE ÉLÉMENTAIRE DE LOUVOIS
2,École Privée Saint-Sauveur - Bonne-Nouvelle
3,Pas encore inscrit à l'école
3,ECOLE MATERNELLE BRANTOME
3,ECOLE MATERNELLE TURENNE
3,ECOLE MATERNELLE CHAPON
3,ECOLE MATERNELLE PERLE
3,ECOLE MATERNELLE PAUL DUBOIS
3,ECOLE ÉLÉMENTAIRE DES VERTUS
3,ECOLE ÉLÉMENTAIRE BERANGER
3,ECOLE ÉLÉMENTAIRE VAUCANSON
3,ECOLE POLYVALENTE SAINT-MARTIN
3,ECOLE ÉLÉMENTAIRE QUATRE-FILS
3,ECOLE ÉLÉMENTAIRE DE TURENNE
3,École Privée Sainte-Geneviève du Marais
4,Pas encore inscrit à l'école
4,ECOLE MATERNELLE FAUCONNIER
4,ECOLE MATERNELLE ARCHIVES
4,ECOLE POLYVALENTE SAINT-MERRI
4,ECOLE MATERNELLE PLACE DES VOSGES
4,ECOLE MATERNELLE POULLETIER
4,ECOLE ÉLÉMENTAIRE NEUVE SAINT-PIERRE
4,ECOLE ÉLÉMENTAIRE DU RENARD
4,ECOLE ÉLÉMENTAIRE SAINT-LOUIS EN L'ISLE
4,ECOLE ÉLÉMENTAIRE DES TOURNELLES
4,ECOLE POLYVALENTE SAINT-MERRI
4,ECOLE ÉLÉMENTAIRE DE L'AVE MARIA
4,ECOLE ÉLÉMENTAIRE RUE DE MOUSSY
4,ECOLE POLYVALENTE DES HOSPITALIÈRES SAINT-GERVAIS
4,École Privée des Francs-Bourgeois
4,École Privée Saint-Merri
4,École Privée des Francs-Bourgeois
4,École Privée Massillon
5,Pas encore inscrit à l'école
5,ECOLE MATERNELLE CUJAS
5,ECOLE MATERNELLE BUFFON
5,ECOLE MATERNELLE LYONNAIS
5,ECOLE MATERNELLE MOUFFETARD (29)
5,ECOLE MATERNELLE MOUFFETARD (97)
5,ECOLE MATERNELLE POISSY
5,ECOLE MATERNELLE SAINT-JACQUES
5,ECOLE MATERNELLE SOMMERARD
5,ECOLE ÉLÉMENTAIRE VICTOR COUSIN
5,ECOLE ÉLÉMENTAIRE BUFFON
5,ECOLE ÉLÉMENTAIRE ROLLIN
5,ECOLE ÉLÉMENTAIRE 250 BIS RUE SAINT-JACQUES
5,ECOLE ÉLÉMENTAIRE DE PONTOISE
5,ECOLE ÉLÉMENTAIRE DES BOULANGERS
5,ECOLE ÉLÉMENTAIRE DU CARDINAL LEMOINE
5,"ECOLE ÉLÉMENTAIRE 28, RUE SAINT-JACQUES"
5,ECOLE ÉLÉMENTAIRE PIERRE BROSSOLETTE
5,ECOLE ÉLÉMENTAIRE DE L'ARBALÈTE
5,École Privée Primaire Mixte Sainte-Catherine
5,École Privée Sœur-Rosalie
5,École Sainte-Geneviève
6,Pas encore inscrit à l'école
6,ECOLE MATERNELLE MADAME
6,ECOLE MATERNELLE LITTRE
6,ECOLE MATERNELLE SAINT-ANDRÉ DES ARTS
6,ECOLE MATERNELLE SAINT-BENOÎT
6,ECOLE ÉLÉMENTAIRE DU JARDINET
6,ECOLE ÉLÉMENTAIRE DE VAUGIRARD
6,ECOLE ÉLÉMENTAIRE MADAME
6,ECOLE ÉLÉMENTAIRE SAINT-BENOÎT
6,ECOLE ÉLÉMENTAIRE LITTRE
6,École Maternelle et Primaire Privée Sainte-Geneviève 
6,École alsacienne 
6,École Primaire Bossuet 
6,École Privée Stanislas
6,Notre Dame de Sion - École Privée Sainte-Marie-Sion
7,Pas encore inscrit à l'école
7,ECOLE POLYVALENTE CHOMEL
7,ECOLE MATERNELLE EBLE
7,ECOLE MATERNELLE RAPP
7,ECOLE MATERNELLE SAINT-DOMINIQUE
7,ECOLE MATERNELLE VANEAU
7,ECOLE MATERNELLE VERNEUIL
7,ECOLE ÉLÉMENTAIRE GÉNÉRAL CAMOU
7,ECOLE ÉLÉMENTAIRE LAS CASES
7,ECOLE ÉLÉMENTAIRE EBLE
7,ECOLE ÉLÉMENTAIRE DE LA MOTTE PICQUET
7,ECOLE POLYVALENTE CHOMEL
7,ECOLE ÉLÉMENTAIRE DUQUESNE
7,École Privée La Rochefoucauld
7,École Primaire Privée Sainte Jeanne-Élisabeth 
7,École Privée de l'Alma 
7,École Nouvelle St-Thomas-d'Aquin 
7,École Privée Sainte-Clotilde
7,École Privée Sainte-Clotilde
8,Pas encore inscrit à l'école
8,ECOLE MATERNELLE BIENFAISANCE
8,ECOLE MATERNELLE MOSCOU
8,ECOLE MATERNELLE ROQUEPINE
8,ECOLE POLYVALENTE MONCEAU
8,ECOLE POLYVALENTE PAUL BAUDRY
8,ECOLE ÉLÉMENTAIRE SURÈNE
8,ECOLE POLYVALENTE MONCEAU
8,ECOLE ÉLÉMENTAIRE DE LA BIENFAISANCE
8,ECOLE POLYVALENTE PAUL BAUDRY
8,ECOLE ÉLÉMENTAIRE FLORENCE
8,ECOLE POLYVALENTE ROBERT ESTIENNE
8,"Fénelon Sainte-Marie, École Bienfaisance "
8,"Fénelon Sainte-Marie, École Monceau "
8,École Privée Saint-Pierre-de-Chaillot 
8,Cours Hattemer
8,EIB Monceau
9,Pas encore inscrit à l'école
9,ECOLE MATERNELLE BLANCHE
9,ECOLE MATERNELLE BRUXELLES
9,ECOLE MATERNELLE BUFFAULT
9,ECOLE MATERNELLE CHAPTAL
9,ECOLE MATERNELLE CLAUZEL
9,ECOLE MATERNELLE GRANGE BATELIÈRE
9,ECOLE MATERNELLE MILTON
9,ECOLE MATERNELLE ROCHECHOUART (22)
9,ECOLE MATERNELLE ROCHECHOUART (68)
9,ECOLE MATERNELLE RODIER
9,ECOLE ÉLÉMENTAIRE CHAPTAL
9,ECOLE ÉLÉMENTAIRE BLANCHE
9,ECOLE ÉLÉMENTAIRE D'APPLICATION MILTON
9,ECOLE DE LA TOUR D'AUVERGNE
9,ECOLE ÉLÉMENTAIRE MILTON
9,ECOLE ÉLÉMENTAIRE BRUXELLES
9,ECOLE ÉLÉMENTAIRE CLICHY
9,ECOLE ÉLÉMENTAIRE BUFFAULT
9,ECOLE ÉLÉMENTAIRE TURGOT
9,ECOLE ÉLÉMENTAIRE DE LA VICTOIRE
9,"Wikids, Middle & Lower School"
9,École Privée Notre-Dame-de-Lorette
9,École Privée Catholique La Trinité
10,Pas encore inscrit à l'école
10,ECOLE MATERNELLE LOUIS BLANC
10,ECOLE MATERNELLE BELZUNCE
10,ECOLE MATERNELLE DE L'AQUEDUC
10,ECOLE MATERNELLE DES RECOLLETS
10,ECOLE MATERNELLE ECLUSES SAINT-MARTIN
10,ECOLE MATERNELLE HÔPITAL SAINT-LOUIS
10,ECOLE MATERNELLE LEGOUVE
10,ECOLE MATERNELLE BOY ZELENSKI
10,ECOLE MATERNELLE MARTEL
10,ECOLE MATERNELLE PARADIS
10,ECOLE MATERNELLE PARMENTIER (155)
10,ECOLE MATERNELLE PIERRE BULLET
10,ECOLE POLYVALENTE DE LANCRY
10,ECOLE POLYVALENTE EUGÈNE VARLIN
10,ECOLE ÉLÉMENTAIRE LAFAYETTE
10,ECOLE ÉLÉMENTAIRE DE BELZUNCE
10,ECOLE ÉLÉMENTAIRE DE MARSEILLE
10,ECOLE POLYVALENTE EUGÈNE VARLIN
10,ECOLE ÉLÉMENTAIRE PARMENTIER (159)
10,ECOLE ÉLÉMENTAIRE CHABROL
10,ECOLE ÉLÉMENTAIRE DE L'HÔPITAL SAINT-LOUIS
10,ECOLE ÉLÉMENTAIRE CLAUDE VELLEFAUX
10,ECOLE ÉLÉMENTAIRE DE L'AQUEDUC
10,ECOLE ÉLÉMENTAIRE LOUIS BLANC
10,ECOLE ÉLÉMENTAIRE SAINT-MAUR
10,ECOLE ÉLÉMENTAIRE DES RECOLLETS
10,ECOLE POLYVALENTE DE LANCRY
10,ECOLE ÉLÉMENTAIRE MARTEL
10,ECOLE ÉLÉMENTAIRE DU FAUBOURG SAINT-DENIS
10,École Maternelle Annexe de l'École Bossuet Notre-Dame
10,École Maternelle Annexe de l'École Bossuet Notre-Dame
10,École Privée Saint-Laurent
10,"La Canopée, Ecole privée bilingue"
10,École Privée Rocroy Saint-Vincent de Paul
11,Pas encore inscrit à l'école
11,ECOLE MATERNELLE FAIDHERBE
11,ECOLE MATERNELLE GODEFROY CAVAIGNAC
11,ECOLE MATERNELLE MERLIN
11,ECOLE MATERNELLE BALEINE
11,ECOLE MATERNELLE PARMENTIER (111)
11,ECOLE MATERNELLE PIVER
11,ECOLE MATERNELLE POPINCOURT
11,ECOLE MATERNELLE PRÉSENTATION
11,ECOLE MATERNELLE RICHARD LENOIR
11,ECOLE MATERNELLE ROQUETTE
11,ECOLE MATERNELLE SAINT-BERNARD
11,ECOLE MATERNELLE SERVAN
11,ECOLE MATERNELLE SOUZY (4-12)
11,ECOLE MATERNELLE SOUZY (5)
11,ECOLE MATERNELLE VOLTAIRE
11,ECOLE ÉLÉMENTAIRE DE BOUVINES
11,ECOLE ÉLÉMENTAIRE RÉPUBLIQUE (98)
11,ECOLE ÉLÉMENTAIRE VOLTAIRE
11,ECOLE ÉLÉMENTAIRE FROMENT
11,ECOLE ÉLÉMENTAIRE SERVAN (ÉCOLE B)
11,ECOLE ÉLÉMENTAIRE SAINT-MAUR (ÉCOLE A)
11,"ECOLE ÉLÉMENTAIRE PARMENTIER (11,BIS)"
11,ECOLE ÉLÉMENTAIRE DE BELLEVILLE (ÉCOLE A)
11,ECOLE ÉLÉMENTAIRE GODEFROY CAVAIGNAC
11,ECOLE ÉLÉMENTAIRE DES TROIS BORNES
11,ECOLE ÉLÉMENTAIRE RÉPUBLIQUE (100)
11,ECOLE ÉLÉMENTAIRE TITON
11,ECOLE ÉLÉMENTAIRE KELLER
11,ECOLE ÉLÉMENTAIRE PIHET
11,ECOLE ÉLÉMENTAIRE ALPHONSE BAUDIN
11,ECOLE ÉLÉMENTAIRE D'APPLICATION SAINT-SEBASTIEN
11,ECOLE ÉLÉMENTAIRE ALEXANDRE DUMAS
11,ECOLE ÉLÉMENTAIRE SAINT-BERNARD
11,ECOLE ÉLÉMENTAIRE PARMENTIER (109)
11,École Privée Sainte Marguerite
11,École Privée Charles Péguy
11,École Privée Saint-Paul
12,Pas encore inscrit à l'école
12,ECOLE MATERNELLE JACQUES HILLAIRET
12,ECOLE MATERNELLE BERCY
12,ECOLE MATERNELLE D'ARTAGNAN
12,"ECOLE MATERNELLE DAUMESNIL (253,BIS)"
12,ECOLE MATERNELLE DAUMESNIL (70)
12,ECOLE MATERNELLE DE REUILLY (59)
12,ECOLE MATERNELLE ELISA LEMONNIER
12,ECOLE MATERNELLE CHARLES BAUDELAIRE
12,ECOLE MATERNELLE JEAN BOUTON
12,ECOLE MATERNELLE LA BRÈCHE AUX LOUPS
12,ECOLE MATERNELLE LACHAMBEAUDIE
12,ECOLE MATERNELLE MARSOULAN
12,ECOLE MATERNELLE PICPUS (45)
12,ECOLE MATERNELLE PICPUS (56)
12,ECOLE MATERNELLE POMMARD
12,ECOLE ÉLÉMENTAIRE CHARLES BAUDELAIRE
12,ECOLE ÉLÉMENTAIRE DE REUILLY (ÉCOLE B)
12,ECOLE ÉLÉMENTAIRE D'APPLICATION DE PICPUS (ÉCOLE B)
12,ECOLE ÉLÉMENTAIRE JEAN BOUTON
12,ECOLE ÉLÉMENTAIRE D'APPLICATION DE LA BRÈCHE AUX LOUPS
12,ECOLE POLYVALENTE DE MONTEMPOIVRE
12,ECOLE ÉLÉMENTAIRE BIGNON
12,ECOLE ÉLÉMENTAIRE LAMORICIÈRE (ÉCOLE A)
12,ECOLE ÉLÉMENTAIRE LAMORICIÈRE (ÉCOLE B)
12,ECOLE ÉLÉMENTAIRE DIDEROT
12,ECOLE ÉLÉMENTAIRE MARSOULAN
12,ECOLE ÉLÉMENTAIRE DE BERCY
12,ECOLE ÉLÉMENTAIRE DE WATTIGNIES
12,ECOLE ÉLÉMENTAIRE DAUMESNIL
12,ECOLE ÉLÉMENTAIRE DE CHARENTON (315)
12,ECOLE ÉLÉMENTAIRE DE PICPUS (ÉCOLE A)
12,ECOLE ÉLÉMENTAIRE DU GÉNÉRAL MICHEL BIZOT
12,ECOLE ÉLÉMENTAIRE DE POMMARD
12,ECOLE ÉLÉMENTAIRE DE CHARENTON (51)
12,ECOLE ÉLÉMENTAIRE DE REUILLY (27)
12,ECOLE ÉLÉMENTAIRE DE REUILLY (ÉCOLE A)
12,Cours Molière - International School 
12,École Privée Saint-Éloi
12,École Libre du Saint-Esprit
12,École Libre du Saint-Esprit
12,École Privée Saint-Pierre-Fourier
12,Ensemble Scolaire Saint Michel de Picpus - Ecole
12,École Privée Saint-Éloi
13,Pas encore inscrit à l'école
13,ECOLE MATERNELLE DE CHOISY
13,ECOLE MATERNELLE CROULEBARBE
13,ECOLE MATERNELLE VINCENT AURIOL
13,ECOLE MATERNELLE DE L'ESPÉRANCE
13,ECOLE MATERNELLE JENNER
13,ECOLE MATERNELLE JEANNE D'ARC
13,ECOLE MATERNELLE LAHIRE
13,ECOLE MATERNELLE PATAY
13,ECOLE MATERNELLE DE LA GLACIÈRE
13,ECOLE POLYVALENTE PRIMO LEVI
13,ECOLE ÉLÉMENTAIRE AVENUE D'IVRY (ÉCOLE A)
13,ECOLE ÉLÉMENTAIRE AVENUE D'IVRY (ÉCOLE B)
13,ECOLE ÉLÉMENTAIRE FAGON
13,ECOLE ÉLÉMENTAIRE DE LA PORTE D'IVRY
13,ECOLE ÉLÉMENTAIRE DE LA PROVIDENCE (ÉCOLE A)
13,ECOLE ÉLÉMENTAIRE DE LA PROVIDENCE (ÉCOLE B)
13,ECOLE POLYVALENTE DES GRANDS MOULINS
13,ECOLE ÉLÉMENTAIRE WURTZ
13,ECOLE ÉLÉMENTAIRE VULPIAN
13,ECOLE ÉLÉMENTAIRE AUGUSTE PERRET
13,ECOLE ÉLÉMENTAIRE FRANC NOHAIN
13,ECOLE ÉLÉMENTAIRE JENNER (ÉCOLE B)
13,ECOLE ÉLÉMENTAIRE DE CHOISY
13,ECOLE ÉLÉMENTAIRE PIERRE GOURDAULT
13,ECOLE ÉLÉMENTAIRE JENNER (ÉCOLE A)
13,ECOLE ÉLÉMENTAIRE BAUDRICOURT (ÉCOLE A)
13,ECOLE ÉLÉMENTAIRE JEANNE D'ARC (ÉCOLE B)
13,ECOLE ÉLÉMENTAIRE EMILE LEVASSOR
13,ECOLE POLYVALENTE KUSS
13,ECOLE ÉLÉMENTAIRE DU CHÂTEAU DES RENTIERS (173)
13,ECOLE ÉLÉMENTAIRE DU CHÂTEAU DES RENTIERS (37)
13,ECOLE ÉLÉMENTAIRE DU CHÂTEAU DES RENTIERS (40)
13,ECOLE ÉLÉMENTAIRE BAUDRICOURT (ÉCOLE B)
13,ECOLE ÉLÉMENTAIRE JEANNE D'ARC (ÉCOLE A)
13,ECOLE ÉLÉMENTAIRE LÉON-MAURICE NORDMANN
13,ECOLE ÉLÉMENTAIRE DAMESME
13,ECOLE POLYVALENTE GEORGES BALANCHINE
13,ECOLE ÉLÉMENTAIRE VANDREZANNE
13,ECOLE ÉLÉMENTAIRE DE LA GLACIÈRE
13,ECOLE ÉLÉMENTAIRE KUSS
13,ECOLE ÉLÉMENTAIRE D'APPLICATION ARAGO
13,ECOLE ÉLÉMENTAIRE DUNOIS
13,École Privée Primaire Saint-Marcel 
13,"Groupe Scolaire Saint-Vincent-de-Paul, Ecole Privée Sainte-Anne - Sainte-Marie "
13,École Privée Mixte Primaire Sainte-Jeanne-d'Arc 
13,"Groupe Scolaire Notre-Dame-de-France, École Privée Catholique "
13,École Privée Catholique La Salle Notre-Dame de la Gare 
14,Pas encore inscrit à l'école
14,ECOLE MATERNELLE BOULARD
14,ECOLE MATERNELLE JACQUIER
14,ECOLE MATERNELLE D'ALÉSIA (190)
14,ECOLE MATERNELLE HIPPOLYTE MAINDRON
14,ECOLE MATERNELLE DE L'OUEST
14,ECOLE MATERNELLE DE LA TOMBE ISSOIRE
14,ECOLE MATERNELLE DELAMBRE
14,ECOLE MATERNELLE SARRETTE (34)
14,ECOLE MATERNELLE ALAIN FOURNIER
14,ECOLE MATERNELLE ANTOINE CHANTIN (15)
14,ECOLE MATERNELLE ANTOINE CHANTIN (22)
14,ECOLE MATERNELLE SARRETTE (55)
14,ECOLE MATERNELLE SEVERO
14,ECOLE MATERNELLE JEAN DOLENT
14,ECOLE MATERNELLE MAURICE ROUVIER
14,ECOLE MATERNELLE MAURICE RIPOCHE
14,ECOLE MATERNELLE MAURICE D'OCAGNE
14,"ECOLE MATERNELLE D'ALÉSIA (3,BIS)"
14,ECOLE ÉLÉMENTAIRE PIERRE LAROUSSE
14,ECOLE ÉLÉMENTAIRE MAURICE D'OCAGNE
14,ECOLE ÉLÉMENTAIRE SEVERO
14,ECOLE ÉLÉMENTAIRE ALAIN FOURNIER
14,ECOLE ÉLÉMENTAIRE ANTOINE CHANTIN
14,ECOLE ÉLÉMENTAIRE DELAMBRE
14,ECOLE ÉLÉMENTAIRE PRISSE D'AVENNES
14,ECOLE ÉLÉMENTAIRE ARAGO
14,ECOLE POLYVALENTE DE L'OUEST
14,ECOLE ÉLÉMENTAIRE MAURICE ROUVIER
14,ECOLE ÉLÉMENTAIRE HIPPOLYTE MAINDRON
14,ECOLE POLYVALENTE DE LA SIBELLE
14,ECOLE ÉLÉMENTAIRE JEAN ZAY
14,ECOLE ÉLÉMENTAIRE ASSELINE
14,ECOLE ÉLÉMENTAIRE BOULARD
14,ECOLE ÉLÉMENTAIRE D'ALÉSIA (3)
14,ECOLE ÉLÉMENTAIRE D'ALÉSIA (188)
14,ECOLE ÉLÉMENTAIRE D'ALÉSIA (12)
14,École Privée La Bruyère-Sainte-Isabelle 
14,École Privée du Sacré-Cœur 
14,École Privée Charles-de-Foucauld 
14,École Privée Maternelle et Primaire Mixte Ste-Élisabeth-de-Plaisance
15,Pas encore inscrit à l'école
15,ECOLE MATERNELLE MADEMOISELLE
15,ECOLE MATERNELLE VAUGIRARD
15,ECOLE MATERNELLE FRANÇOIS COPPÉE
15,ECOLE MATERNELLE VARET
15,ECOLE MATERNELLE VIOLET
15,ECOLE MATERNELLE BALARD
15,ECOLE MATERNELLE VOLONTAIRES
15,ECOLE MATERNELLE D'ALLERAY (102)
15,ECOLE MATERNELLE FÉLIX FAURE (56)
15,ECOLE MATERNELLE MIOLLIS
15,ECOLE MATERNELLE THÉODORE DECK
15,ECOLE MATERNELLE MORILLONS
15,ECOLE MATERNELLE FÉDÉRATION
15,ECOLE MATERNELLE D'ALLERAY (42)
15,ECOLE MATERNELLE GUTENBERG
15,ECOLE MATERNELLE PROCESSION
15,ECOLE MATERNELLE OLIVIER DE SERRES (34)
15,ECOLE MATERNELLE OLIVIER DE SERRES (99)
15,ECOLE MATERNELLE CARDINAL AMETTE
15,ECOLE MATERNELLE EMILE ZOLA
15,ECOLE MATERNELLE SEXTIUS MICHEL
15,ECOLE MATERNELLE EMERIAU
15,ECOLE MATERNELLE PORTE BRANÇION
15,ECOLE MATERNELLE ARISTIDE MAILLOL
15,ECOLE MATERNELLE CÈPRE
15,ECOLE MATERNELLE DE L'AMIRAL ROUSSIN
15,ECOLE MATERNELLE JONGKIND
15,ECOLE POLYVALENTE DES FRÈRES VOISINS
15,ECOLE MATERNELLE LACORDAIRE
15,ECOLE MATERNELLE GERBERT
15,ECOLE ÉLÉMENTAIRE SAINT-LAMBERT (ÉCOLE B)
15,ECOLE ÉLÉMENTAIRE ROUELLE
15,ECOLE ÉLÉMENTAIRE FRANÇOIS COPPÉE
15,ECOLE ÉLÉMENTAIRE DE LA PORTE BRANCION
15,ECOLE ÉLÉMENTAIRE DUPLEIX
15,ECOLE ÉLÉMENTAIRE DE L'AMIRAL ROUSSIN
15,ECOLE ÉLÉMENTAIRE MIOLLIS
15,ECOLE ÉLÉMENTAIRE SAINT-LAMBERT (ÉCOLE A)
15,ECOLE ÉLÉMENTAIRE GUTENBERG
15,ECOLE POLYVALENTE DE LA CONVENTION
15,ECOLE ÉLÉMENTAIRE EMERIAU
15,ECOLE ÉLÉMENTAIRE FALGUIÈRE
15,ECOLE ÉLÉMENTAIRE SAINT-CHARLES
15,ECOLE ÉLÉMENTAIRE FÉLIX FAURE (146)
15,ECOLE ÉLÉMENTAIRE FÉLIX FAURE (56)
15,ECOLE ÉLÉMENTAIRE MADEMOISELLE
15,ECOLE ÉLÉMENTAIRE BLOMET
15,ECOLE ÉLÉMENTAIRE OLIVIER DE SERRES (27)
15,ECOLE ÉLÉMENTAIRE OLIVIER DE SERRES (99)
15,ECOLE POLYVALENTE DES FRÈRES VOISINS
15,ECOLE ÉLÉMENTAIRE DU CARDINAL AMETTE
15,ECOLE ÉLÉMENTAIRE CHERBOURG
15,ECOLE ÉLÉMENTAIRE VIGÉE LEBRUN (ÉCOLE A)
15,ECOLE ÉLÉMENTAIRE LACORDAIRE
15,ECOLE ÉLÉMENTAIRE VIGÉE LEBRUN (ÉCOLE B)
15,ECOLE ÉLÉMENTAIRE FONDARY
15,ECOLE ÉLÉMENTAIRE CORBON
15,École Privée Sainte-Élisabeth 
15,École Privée Blomet École Normale Catholique 
15,"Ecole Privée Saint Jean, Ecole Normale Catholique "
15,École Privée Mixte Les Saints-Anges
15,École Privée Saint-Charles
15,Ecole Diwan de  (Skol Diwan )
15,Ecole Active Bilingue Jeannine Manuel
15,"École de la Croix, École Primaire Privée Mixte"
15, Mon Ecole
15,École Privée Saint-Jean-de-Dieu pour handicapés moteurs
15,Ecole Activité Bilingue Jeannine Manuel
15,École Privée Mixte Les Saints-Anges
15,École Primaire Saint-Louis
15,Ecole Diwan de  (Skol Diwan )
16,Pas encore inscrit à l'école
16,ECOLE MATERNELLE CHARDON LAGACHE
16,ECOLE MATERNELLE PERCHAMPS
16,ECOLE MATERNELLE PAUL VALÉRY
16,ECOLE MATERNELLE DU PARC DES PRINCES
16,ECOLE MATERNELLE SERGE PROKOFIEV
16,ECOLE MATERNELLE VERSAILLES
16,ECOLE MATERNELLE DE BOULAINVILLIERS
16,ECOLE MATERNELLE GROS
16,ECOLE MATERNELLE MURAT
16,ECOLE MATERNELLE SAINT-DIDIER
16,ECOLE MATERNELLE GUSTAVE ZÉDÉ
16,ECOLE MATERNELLE ERLANGER
16,ECOLE MATERNELLE LONGCHAMP
16,ECOLE MATERNELLE BOISSIÈRE
16,ECOLE MATERNELLE PASSY
16,ECOLE ÉLÉMENTAIRE D'APPLICATION MURAT
16,ECOLE ÉLÉMENTAIRE CHERNOVIZ
16,ECOLE ÉLÉMENTAIRE D'APPLICATION DU PARC DES PRINCES
16,ECOLE ÉLÉMENTAIRE PAUL VALÉRY
16,ECOLE ÉLÉMENTAIRE D'APPLICATION LA FONTAINE
16,ECOLE ÉLÉMENTAIRE BOISSIÈRE
16,ECOLE ÉLÉMENTAIRE BOILEAU
16,ECOLE ÉLÉMENTAIRE D'APPLICATION MICHEL-ANGE
16,ECOLE ÉLÉMENTAIRE D'APPLICATION DE MUSSET
16,ECOLE POLYVALENTE DES BELLES FEUILLES
16,ECOLE ÉLÉMENTAIRE DE L'AMIRAL HAMELIN
16,ECOLE ÉLÉMENTAIRE DE LONGCHAMP
16,ECOLE ÉLÉMENTAIRE DES BAUCHES (10)
16,ECOLE ÉLÉMENTAIRE DES BAUCHES (15)
16,ECOLE ÉLÉMENTAIRE SAINT-DIDIER
16,ECOLE POLYVALENTE DECAMPS
16,EURÉCOLE 
16,École Privée Pascal 
16,École Privée de l'Assomption 
16,École Privée Lamazou 
16,École Privée Notre-Dame-des-Oiseaux 
16,Ecole Privée Saint-Honoré-d'Eylau 
16,École Privée Saint-Jean-de-Passy 
16,École La Providence Passy
16,EIB Lamartine
16,École Privée Catholique Gerson
16,École Privée Saint-Louis-de-Gonzague - Franklin
16,"Ecole Galilée, Maternelle et Primaire"
17,Pas encore inscrit à l'école
17,ECOLE MATERNELLE DES TAPISSERIES
17,ECOLE MATERNELLE BAYEN
17,ECOLE MATERNELLE EPINETTES
17,ECOLE MATERNELLE RENAUDES
17,ECOLE MATERNELLE DE LA PORTE DE VILLIERS
17,ECOLE MATERNELLE JOUFFROY ABBANS (20)
17,ECOLE MATERNELLE FLEURS
17,ECOLE MATERNELLE LOUIS VIERNE
17,ECOLE MATERNELLE GUSTAVE DORÉ
17,ECOLE MATERNELLE DAUTANCOURT
17,ECOLE MATERNELLE AMPÈRE
17,ECOLE POLYVALENTE BERNARD BUFFET
17,ECOLE MATERNELLE BROCHANT
17,ECOLE MATERNELLE CHRISTINE DE PISAN
17,ECOLE MATERNELLE BESSIÈRES
17,ECOLE MATERNELLE COLONEL MOLL
17,ECOLE MATERNELLE SAINT-ANGE
17,ECOLE MATERNELLE ANDRÉ BRÉCHET
17,ECOLE MATERNELLE PÉREIRE
17,ECOLE MATERNELLE SAUSSURE
17,ECOLE MATERNELLE CAPITAINE LAGACHE
17,ECOLE ÉLÉMENTAIRE DE SAINT-OUEN
17,ECOLE ÉLÉMENTAIRE DE SAUSSURE
17,ECOLE POLYVALENTE BERNARD BUFFET
17,ECOLE POLYVALENTE D'APPLICATION LECOMTE
17,ECOLE ÉLÉMENTAIRE DU CAPITAINE LAGACHE
17,ECOLE ÉLÉMENTAIRE LAUGIER
17,ECOLE ÉLÉMENTAIRE JACQUES KELLNER
17,ECOLE ÉLÉMENTAIRE LEGENDRE
17,ECOLE ÉLÉMENTAIRE LEMERCIER
17,ECOLE POLYVALENTE D'APPLICATION BOURSAULT
17,ECOLE ÉLÉMENTAIRE BESSIÈRES
17,ECOLE ÉLÉMENTAIRE DES EPINETTES
17,ECOLE ÉLÉMENTAIRE PEREIRE
17,ECOLE ÉLÉMENTAIRE DE LA PORTE DE CHAMPERRET
17,"ECOLE ÉLÉMENTAIRE FOURCROY (12,BIS)"
17,ECOLE POLYVALENTE MARGUERITE LONG
17,ECOLE ÉLÉMENTAIRE AMPÈRE
17,ECOLE ÉLÉMENTAIRE DU COLONEL MOLL
17,ECOLE POLYVALENTE DE REIMS
17,ECOLE ÉLÉMENTAIRE JOUFFROY D'ABBANS (20)
17,ECOLE ÉLÉMENTAIRE POUCHET
17,ECOLE POLYVALENTE TRUFFAUT
17,ECOLE ÉLÉMENTAIRE BERTHIER
17,Ensemble Batignolles Epinettes - Ecole primaire Sainte Marie des Batignolles 
17,"Fénelon Sainte-Marie, École Tocqueville "
17,"Ensemble Batignolles Epinettes, École Maternelle et Primaire Privée Sainte-Marthe "
17,"Ensemble Batignolles Epinettes, École Privée du Sacré-Coeur "
17,École Privée Mixte Ste-Marie-des-Batignolles
17,Ecole Primaire Gaston Tenoudji
17,École Privée Mixte Ste-Marie-des-Batignolles
17,Ecole Primaire Gaston Tenoudji
17,École Privée Mixte Blanche-de-Castille
17,"Ensemble Scolaire Sainte-Ursule - Louise-de-Bettignies, École Privée"
17,"Ensemble Scolaire Sainte-Ursule - Louise-de-Bettignies, École Privée"
18,Pas encore inscrit à l'école
18,ECOLE MATERNELLE FERDINAND FLOCON
18,ECOLE MATERNELLE JOSEPH DE MAISTRE
18,ECOLE POLYVALENTE RENÉ BINET (ECOLE A)
18,ECOLE MATERNELLE RUISSEAU
18,ECOLE MATERNELLE AMIRAUX
18,ECOLE MATERNELLE CONSTANTIN PECQUEUR
18,ECOLE POLYVALENTE PAJOL
18,ECOLE MATERNELLE JEAN-BAPTISTE CLÉMENT
18,ECOLE POLYVALENTE FOREST
18,ECOLE MATERNELLE CHRISTIANI
18,ECOLE MATERNELLE ANDRÉ DEL SARTE
18,ECOLE MATERNELLE CHARLES HERMITE
18,ECOLE MATERNELLE GUSTAVE ROUANET
18,ECOLE MATERNELLE CHAMPIONNET (72)
18,ECOLE MATERNELLE SAINT-LUC
18,ECOLE MATERNELLE DES CLOYS
18,ECOLE MATERNELLE LAMARCK
18,ECOLE MATERNELLE DU DÉPARTEMENT
18,ECOLE MATERNELLE GOUTTE D'OR
18,ECOLE MATERNELLE PAUL ABADIE
18,ECOLE POLYVALENTE DE LA GOUTTE D'OR
18,ECOLE MATERNELLE EMILE DUPLOYE
18,ECOLE POLYVALENTE CUGNOT
18,ECOLE MATERNELLE CARPEAUX
18,ECOLE MATERNELLE FRANÇOISE DORLÉAC
18,ECOLE MATERNELLE ORSEL
18,ECOLE MATERNELLE MARCADET
18,ECOLE MATERNELLE VAUVENARGUES (52)
18,ECOLE MATERNELLE VAUVENARGUES (2)
18,ECOLE MATERNELLE MARX DORMOY
18,ECOLE MATERNELLE BELLIARD
18,ECOLE MATERNELLE TORCY
18,ECOLE MATERNELLE TCHAÏKOVSKI
18,ECOLE MATERNELLE MONT CENIS
18,ECOLE MATERNELLE RICHOMME
18,ECOLE ÉLÉMENTAIRE RICHOMME
18,ECOLE ÉLÉMENTAIRE DE LA GUADELOUPE
18,ECOLE ÉLÉMENTAIRE LEPIC
18,ECOLE POLYVALENTE RENÉ BINET (ECOLE A)
18,ECOLE ÉLÉMENTAIRE JOSEPH DE MAISTRE
18,ECOLE ÉLÉMENTAIRE JEAN-FRANÇOIS LÉPINE
18,ECOLE ÉLÉMENTAIRE PHILIPPE DE GIRARD
18,ECOLE ÉLÉMENTAIRE PIERRE BUDIN
18,ECOLE ÉLÉMENTAIRE BELLIARD
18,ECOLE ÉLÉMENTAIRE HERMEL
18,ECOLE ÉLÉMENTAIRE GUSTAVE ROUANET
18,ECOLE ÉLÉMENTAIRE CAVÉ
18,ECOLE POLYVALENTE MAURICE GENEVOIX
18,ECOLE ÉLÉMENTAIRE FOYATIER
18,ECOLE ÉLÉMENTAIRE CHAMPIONNET (69)
18,ECOLE ÉLÉMENTAIRE RENÉ BINET (ECOLE B)
18,ECOLE ÉLÉMENTAIRE FERNAND LABORI
18,ECOLE ÉLÉMENTAIRE CHAMPIONNET (7)
18,ECOLE POLYVALENTE SIMPLON
18,ECOLE ÉLÉMENTAIRE CHARLES HERMITE
18,ECOLE POLYVALENTE FOREST
18,ECOLE ÉLÉMENTAIRE DU MONT CENIS
18,ECOLE ÉLÉMENTAIRE DOUDEAUVILLE
18,ECOLE POLYVALENTE DES POISSONNIERS
18,ECOLE ÉLÉMENTAIRE SAINTE-ISAURE
18,ECOLE ÉLÉMENTAIRE D'APPLICATION FERDINAND FLOCON
18,ECOLE ÉLÉMENTAIRE D'APPLICATION HOUDON
18,ECOLE ÉLÉMENTAIRE D'ORAN
18,ECOLE ÉLÉMENTAIRE DAMRÉMONT (ÉCOLE A)
18,ECOLE ÉLÉMENTAIRE DE TORCY
18,ECOLE ÉLÉMENTAIRE DAMRÉMONT (ÉCOLE B)
18,ECOLE ÉLÉMENTAIRE VAUVENARGUES
18,ECOLE POLYVALENTE DE LA GOUTTE D'OR
18,ECOLE ÉLÉMENTAIRE DE CLIGNANCOURT
18,ECOLE ÉLÉMENTAIRE DE L'EVANGILE
18,ECOLE POLYVALENTE CUGNOT
18,École Privée Saint-Jean-de-Montmartre 
18,Groupe Scolaire La Madone - École Privée Sainte-Marie 
18,École Privée Saint-Louis
18,École Privée Mixte Maternelle et Primaire Saint Bernard - Sainte Marie
19,Pas encore inscrit à l'école
19,ECOLE MATERNELLE ARCHEREAU (68)
19,ECOLE MATERNELLE THIONVILLE
19,ECOLE MATERNELLE BOIS
19,ECOLE MATERNELLE FESSART
19,ECOLE MATERNELLE TANGER (15)
19,ECOLE MATERNELLE BELLEVILLE (345-347)
19,ECOLE MATERNELLE TANDOU
19,ECOLE MATERNELLE MAROC
19,ECOLE MATERNELLE EUGÉNIE COTTON
19,ECOLE MATERNELLE NOYER DURAND
19,ECOLE MATERNELLE CAMBRAI
19,ECOLE MATERNELLE MANIN
19,ECOLE MATERNELLE BARBANÈGRE
19,ECOLE MATERNELLE PALESTINE
19,ECOLE MATERNELLE GÉNÉRAL BRUNET
19,ECOLE MATERNELLE GÉNÉRAL LASALLE
19,ECOLE MATERNELLE ARMAND CARREL
19,ECOLE MATERNELLE GEORGES THILL
19,ECOLE MATERNELLE TANGER (41)
19,ECOLE POLYVALENTE 118 MACDONALD
19,ECOLE MATERNELLE LEPAGE
19,ECOLE MATERNELLE ARCHEREAU (58)
19,ECOLE MATERNELLE ARCHEREAU (26)
19,ECOLE MATERNELLE SIMON BOLIVAR
19,ECOLE MATERNELLE EMÉLIE
19,ECOLE MATERNELLE EIDERS
19,ECOLE MATERNELLE DU 7ÈME ART
19,ECOLE MATERNELLE PRÉVOYANCE
19,ECOLE MATERNELLE RAMPAL
19,ECOLE MATERNELLE DARIUS MILHAUD
19,ECOLE MATERNELLE D'AUBERVILLIERS (28)
19,ECOLE MATERNELLE JEAN MENANS
19,ECOLE MATERNELLE D'AUBERVILLIERS (132)
19,ECOLE MATERNELLE SADI LECOINTE
19,ECOLE MATERNELLE CURIAL
19,ECOLE MATERNELLE ROMAINVILLE
19,ECOLE ÉLÉMENTAIRE TANDOU
19,ECOLE ÉLÉMENTAIRE BARBANÈGRE (ECOLE B)
19,ECOLE POLYVALENTE TANDOU
19,ECOLE ÉLÉMENTAIRE COMPANS (ECOLE A)
19,ECOLE ÉLÉMENTAIRE GOUBET
19,ECOLE ÉLÉMENTAIRE DU GÉNÉRAL LASALLE
19,ECOLE ÉLÉMENTAIRE DU GÉNÉRAL BRUNET
19,ECOLE ÉLÉMENTAIRE CURIAL (ECOLE A)
19,ECOLE ÉLÉMENTAIRE MANIN (ECOLE A)
19,ECOLE POLYVALENTE EMILE BOLLAERT
19,ECOLE ÉLÉMENTAIRE JOMARD
19,ECOLE ÉLÉMENTAIRE CURIAL (ECOLE B)
19,ECOLE ÉLÉMENTAIRE MATHIS
19,ECOLE ÉLÉMENTAIRE FESSART
19,ECOLE ÉLÉMENTAIRE DES CHEMINETS
19,ECOLE ÉLÉMENTAIRE SIMON BOLIVAR
19,ECOLE ÉLÉMENTAIRE SIMON BOLIVAR (ECOLE A)
19,ECOLE ÉLÉMENTAIRE SIMON BOLIVAR (ECOLE B)
19,ECOLE ÉLÉMENTAIRE RAMPAL
19,ECOLE ÉLÉMENTAIRE D'AUBERVILLIERS
19,ECOLE ÉLÉMENTAIRE MANIN (ECOLE B)
19,ECOLE ÉLÉMENTAIRE DES ALOUETTES
19,ECOLE ÉLÉMENTAIRE JEAN JAURÈS
19,ECOLE ÉLÉMENTAIRE ARMAND CARREL
19,ECOLE ÉLÉMENTAIRE EUGÉNIE COTTON (ECOLE B)
19,ECOLE ÉLÉMENTAIRE BARBANÈGRE (ECOLE A)
19,ECOLE ÉLÉMENTAIRE DE TANGER (ECOLE B)
19,ECOLE ÉLÉMENTAIRE DE TANGER (ECOLE A)
19,ECOLE ÉLÉMENTAIRE DE TANGER (17)
19,ECOLE POLYVALENTE HENRI NOGUÈRES
19,ECOLE ÉLÉMENTAIRE PIERRE GIRARD
19,ECOLE ÉLÉMENTAIRE DE LA VILLETTE
19,ECOLE POLYVALENTE118 MACDONALD
19,ECOLE ÉLÉMENTAIRE EUGÉNIE COTTON (ECOLE A)
19,ECOLE ÉLÉMENTAIRE DE L'OURCQ (ECOLE A)
19,ECOLE ÉLÉMENTAIRE DE L'OURCQ (ECOLE B)
19,ECOLE ÉLÉMENTAIRE ROMAINVILLE (ECOLE A)
19,ECOLE ÉLÉMENTAIRE ROMAINVILLE (ECOLE B)
19,École Privée Mixte Saint-Jean-Baptiste-de-Belleville 
19,École Privée Mixte Saint-Georges
19,École Privée Sainte-Thérèse
19,École Privée Sainte-Thérèse
20,Pas encore inscrit à l'école
20,ECOLE MATERNELLE DES AMANDIERS
20,ECOLE MATERNELLE BRETONNEAU
20,ECOLE MATERNELLE PLANCHAT
20,ECOLE MATERNELLE EUGÈNE REISZ
20,ECOLE MATERNELLE OLIVIER METRA (29)
20,ECOLE MATERNELLE OLIVIER METRA (31-33)
20,ECOLE MATERNELLE GAMBETTA
20,ECOLE MATERNELLE DES COURONNES
20,ECOLE MATERNELLE PALI-KAO
20,ECOLE MATERNELLE MARYSE HILSZ
20,ECOLE MATERNELLE LE VAU
20,ECOLE MATERNELLE VITRUVE (61)
20,ECOLE MATERNELLE VITRUVE (68)
20,ECOLE MATERNELLE PYRÉNÉES
20,ECOLE MATERNELLE EUPATORIA
20,ECOLE MATERNELLE DU CLOS
20,ECOLE MATERNELLE MÉNILMONTANT
20,ECOLE MATERNELLE RÉUNION
20,ECOLE MATERNELLE DE LA BIDASSOA
20,ECOLE POLYVALENTE ALQUIER DEBROUSSE
20,ECOLE MATERNELLE DE LA COUR DES NOUES
20,ECOLE MATERNELLE DU RETRAIT
20,ECOLE POLYVALENTE CHAMPAGNE
20,ECOLE MATERNELLE GRANDS CHAMPS
20,ECOLE MATERNELLE DE LESSEPS
20,ECOLE MATERNELLE SURMELIN
20,ECOLE MATERNELLE PELLEPORT
20,ECOLE POLYVALENTE PELLEPORT
20,ECOLE MATERNELLE CENDRIERS
20,ECOLE MATERNELLE FONTARABIE
20,ECOLE MATERNELLE TÉLÉGRAPHE
20,ECOLE MATERNELLE PIAT
20,ECOLE POLYVALENTE LE VAU (ECOLE B)
20,ECOLE MATERNELLE JOURDAIN
20,ECOLE POLYVALENTE OLIVIER METRA (32-34)
20,ECOLE MATERNELLE MOURAUD
20,ECOLE MATERNELLE MARAÎCHERS
20,ECOLE POLYVALENTE PIERRE FONCIN (ECOLE B)
20,ECOLE MATERNELLE TOURTILLE
20,ECOLE MATERNELLE PIERRE FONCIN
20,ECOLE POLYVALENTE TOURELLES
20,ECOLE ÉLÉMENTAIRE DU TÉLÉGRAPHE
20,ECOLE ÉLÉMENTAIRE DE LA MARE
20,ECOLE ÉLÉMENTAIRE DE LA PLAINE (ECOLE B)
20,ECOLE POLYVALENTE DAVOUT
20,ECOLE POLYVALENTE ALQUIER DEBROUSSE
20,ECOLE ÉLÉMENTAIRE DE LESSEPS (ECOLE A)
20,ECOLE ÉLÉMENTAIRE DE LESSEPS (ECOLE B)
20,ECOLE ÉLÉMENTAIRE DE BELLEVILLE (236)
20,ECOLE ÉLÉMENTAIRE DE BELLEVILLE (104)
20,ECOLE ÉLÉMENTAIRE DE TLEMCEN
20,ECOLE ÉLÉMENTAIRE DE TOURTILLE
20,ECOLE ÉLÉMENTAIRE MARYSE HILSZ
20,ECOLE ÉLÉMENTAIRE DES AMANDIERS
20,ECOLE ÉLÉMENTAIRE SORBIER
20,ECOLE ÉLÉMENTAIRE DES PYRÉNÉES (40)
20,ECOLE ÉLÉMENTAIRE DES PYRÉNÉES (97)
20,ECOLE ÉLÉMENTAIRE DES PYRÉNÉES (ECOLE A)
20,ECOLE ÉLÉMENTAIRE DES PYRÉNÉES (ECOLE B)
20,ECOLE ÉLÉMENTAIRE DU CLOS
20,ECOLE ÉLÉMENTAIRE DE LA PLAINE (ECOLE A)
20,ECOLE ÉLÉMENTAIRE ETIENNE DOLET
20,ECOLE ÉLÉMENTAIRE EUGÈNE REISZ
20,ECOLE ÉLÉMENTAIRE RIBLETTE (ECOLE B)
20,ECOLE ÉLÉMENTAIRE RIBLETTE (ECOLE A)
20,ECOLE POLYVALENTE LE VAU (ECOLE B)
20,ECOLE ÉLÉMENTAIRE RAMPONEAU
20,ECOLE ÉLÉMENTAIRE GAMBETTA
20,ECOLE ÉLÉMENTAIRE PLANCHAT
20,ECOLE POLYVALENTE OLIVIER METRA (32-34)
20,ECOLE ÉLÉMENTAIRE BRETONNEAU
20,ECOLE POLYVALENTE PIERRE FONCIN (ECOLE B)
20,ECOLE ÉLÉMENTAIRE PIERRE FONCIN (ECOLE A)
20,ECOLE ÉLÉMENTAIRE JULIEN LACROIX
20,ECOLE ÉLÉMENTAIRE LE VAU (ECOLE A)
20,ECOLE ÉLÉMENTAIRE OLIVIER METRA (ECOLE B)
20,ECOLE ÉLÉMENTAIRE OLIVIER METRA (ECOLE A)
20,ECOLE ÉLÉMENTAIRE LEVERT
20,ECOLE ÉLÉMENTAIRE MOURAUD
20,ECOLE POLYVALENTE PELLEPORT
20,"Ensemble Scolaire Saint-Germain de Charonne, Ecole Privée "
20,École Privée Catholique Sainte-Louise
20,École Notre-Dame de la Croix
